1;1;chapman77;1;N/A;N/A;;;;;;;;;;;;;;;;;;;;;;;;;;;;;;;;;;;;;;;;;;;;;;;;
2;2;chapman78;1;0.62;0.91201;1.32;0.81283;2.1;0.69183;2.87;0.6166;4.04;0.40738;5.51;0.2138;6.95;0.11482;8.31;0.04266;9.75;0.01445;11.15;0.00501;;;;;;;;;;;;;;;;;;;;;;;;;;;;;;
3;2;chapman78;2;0.66;0.93325;1.4;0.83176;2.14;0.66069;2.91;0.44668;3.69;0.33884;5.32;0.14125;6.95;0.04571;7.96;0.02188;8.97;0.00977;9.9;0.00427;;;;;;;;;;;;;;;;;;;;;;;;;;;;;;
4;2;chapman78;3;0.94;0.83176;1.96;0.67608;2.98;0.46774;3.96;0.30903;4.94;0.19498;5.96;0.10965;6.98;0.05754;7.92;0.0302;;;;;;;;;;;;;;;;;;;;;;;;;;;;;;;;;;
5;3;blakely79;1;2.91;0.429;4.617;0.1869;4.65;0.2043;5.615;0.0963;7.365;0.0336;7.383;0.0373;7.392;0.0266;8.922;0.0107;8.967;0.00937;8.994;0.00773;9.917;0.00474;9.935;0.0052;;;;;;;;;;;;;;;;;;;;;;;;;;
6;4;raju91;1;0.957;0.8334;1.995;0.6015;2.99;0.3829;3.986;0.2314;5.024;0.1688;5.003;0.1428;6.02;0.0802;7.016;0.0441;7.99;0.0256;8.986;0.0113;9.008;0.00743;10.025;0.00515;;;;;;;;;;;;;;;;;;;;;;;;;;
7;4;raju91;2;0.918;0.7618;1.94;0.5137;1.942;0.413;2.941;0.3428;2.965;0.27;3.965;0.184;4.924;0.1018;4.926;0.0819;5.969;0.0582;5.972;0.0421;6.973;0.027;6.954;0.0208;7.998;0.013;8.021;0.0108;9.004;0.00482;9.028;0.00379;9.986;0.00223;;;;;;;;;;;;;;;;
8;4;raju91;3;1.006;0.7673;2.028;0.6027;2.047;0.4595;3.07;0.3883;3.003;0.3321;4.043;0.1773;5.083;0.0987;5.059;0.0793;6.059;0.0567;6.055;0.0398;7.034;0.0312;7.031;0.0236;8.05;0.0135;8.048;0.0109;9.068;0.00693;10.062;0.00307;;;;;;;;;;;;;;;;;;
9;4;raju91;4;0.986;0.8891;1.967;0.6991;2.969;0.5673;3.994;0.4461;6.;0.2537;8.008;0.1088;10.035;0.0612;10.038;0.0356;11.999;0.0271;12.005;0.00943;13.988;0.00711;14.014;0.00332;16.018;0.00272;;;;;;;;;;;;;;;;;;;;;;;;
10;4;raju91;5;0.481;0.8093;1.044;0.511;1.478;0.3582;1.5;0.3094;1.997;0.2758;2.019;0.2285;2.516;0.2124;2.539;0.1428;2.971;0.1536;3.534;0.0747;4.054;0.0524;4.011;0.0416;4.51;0.0227;5.009;0.0106;4.988;0.00682;;;;;;;;;;;;;;;;;;;;
11;5;goodhead92;1;0.426;10.024;1.018;0.6219;2.047;0.4586;2.968;0.109;4.01;0.0755;5.953;0.0164;7.908;0.00356;10.015;0.00021;10.022;0.00049;11.985;0.00003;;;;;;;;;;;;;;;;;;;;;;;;;;;;;;
12;5;goodhead92;2;0.434;0.8476;1.016;0.648;2.052;0.3752;2.05;0.23;2.995;0.205;4.006;0.0383;5.989;0.00882;7.943;0.0031;;;;;;;;;;;;;;;;;;;;;;;;;;;;;;;;;;
13;5;goodhead92;3;0.446;0.902;0.498;0.8516;0.945;0.9266;1.001;0.8216;1.052;0.8591;1.949;0.6157;1.989;0.5722;2.041;0.5663;2.99;0.4699;4.006;0.3034;4.998;0.1801;;;;;;;;;;;;;;;;;;;;;;;;;;;;
14;6;folkard96;1;0.987;0.9199;1.992;0.6674;3.991;0.2586;5.99;0.0821;7.999;0.0148;;;;;;;;;;;;;;;;;;;;;;;;;;;;;;;;;;;;;;;;
15;7;eguchi96;1;0.57;0.63096;1.98;0.2138;3.97;0.02951;4.95;0.01349;5.98;0.00398;;;;;;;;;;;;;;;;;;;;;;;;;;;;;;;;;;;;;;;;
16;7;eguchi96;2;0.95;0.54954;1.98;0.23988;2.96;0.11482;3.97;0.02692;4.95;0.01148;5.95;0.00331;;;;;;;;;;;;;;;;;;;;;;;;;;;;;;;;;;;;;;
17;7;eguchi96;3;0.52;0.95499;1.03;0.85114;1.55;0.79433;2.03;0.63096;3.04;0.43652;4.03;0.33113;;;;;;;;;;;;;;;;;;;;;;;;;;;;;;;;;;;;;;
18;7;eguchi96;4;2.01;0.08318;1.53;0.15136;1.03;0.29512;0.52;0.52481;;;;;;;;;;;;;;;;;;;;;;;;;;;;;;;;;;;;;;;;;;
19;7;eguchi96;5;1.17;0.87096;2.12;0.74131;3.11;0.44668;4.14;0.32359;5.14;0.19055;6.13;0.08318;7.07;0.03162;8.06;0.01023;9.05;0.00468;10.;0.0011;;;;;;;;;;;;;;;;;;;;;;;;;;;;;;
20;7;eguchi96;6;0.5;0.50119;1.02;0.15488;1.51;0.06918;2.;0.01905;2.52;0.01;;;;;;;;;;;;;;;;;;;;;;;;;;;;;;;;;;;;;;;;
21;8;suzuki97;1;-0.044;10.132;0.162;0.9487;0.358;0.9697;0.658;0.9612;0.973;0.9079;1.472;0.6801;1.97;0.4352;2.473;0.2619;2.97;0.1522;3.964;0.0465;4.972;0.00979;;;;;;;;;;;;;;;;;;;;;;;;;;;;
22;9;bettega98;1;0.492;0.9092;1.001;0.8356;1.987;0.5727;2.99;0.3852;4.961;0.2046;;;;;;;;;;;;;;;;;;;;;;;;;;;;;;;;;;;;;;;;
23;10;tsuboi98;1;-0.006;0.9954;0.49;0.8502;0.997;0.6294;1.998;0.3293;2.999;0.1777;4.013;0.1096;6.003;0.0109;;;;;;;;;;;;;;;;;;;;;;;;;;;;;;;;;;;;
24;10;tsuboi98;2;-0.002;0.9923;0.98;0.7971;1.993;0.4978;2.992;0.3277;4.013;0.1894;6.005;0.0348;8.003;0.00587;;;;;;;;;;;;;;;;;;;;;;;;;;;;;;;;;;;;
25;10;tsuboi98;3;-0.002;0.9923;1.;0.6139;1.994;0.3428;2.995;0.1771;4.013;0.0679;6.006;0.00591;;;;;;;;;;;;;;;;;;;;;;;;;;;;;;;;;;;;;;
26;10;tsuboi98;4;-0.006;0.9923;0.988;0.9139;1.989;0.741;2.99;0.5915;3.999;0.3493;6.002;0.1089;8.001;0.0198;;;;;;;;;;;;;;;;;;;;;;;;;;;;;;;;;;;;
27;10;tsuboi98;5;-0.006;0.9954;0.992;0.9369;1.989;0.7811;2.998;0.6178;4.;0.3799;6.;0.1276;7.999;0.0388;;;;;;;;;;;;;;;;;;;;;;;;;;;;;;;;;;;;
28;11;tsuchida98;1;-0.03;10.105;0.967;0.6196;1.983;0.3644;3.001;0.1869;4.03;0.0721;6.021;0.00609;;;;;;;;;;;;;;;;;;;;;;;;;;;;;;;;;;;;;;
29;11;tsuchida98;2;-0.007;10.015;0.99;0.9311;1.988;0.7421;3.993;0.3527;5.99;0.1315;8.005;0.0403;;;;;;;;;;;;;;;;;;;;;;;;;;;;;;;;;;;;;;
30;12;weyrather99;1;0.78;10.431;1.028;0.9394;1.424;0.8697;1.826;0.825;2.024;0.7405;2.535;0.7296;2.784;0.6109;3.043;0.6825;3.54;0.5913;3.544;0.4556;4.042;0.4306;4.535;0.4661;5.033;0.378;5.529;0.2489;6.023;0.278;6.519;0.1496;7.5;0.1108;8.494;0.0645;8.974;0.0665;;;;;;;;;;;;
31;12;weyrather99;2;0.507;10.296;0.761;10.183;1.015;0.9451;1.015;0.8559;1.511;0.9212;1.511;0.7666;2.019;0.7264;2.019;0.684;2.537;0.6413;2.526;0.6038;3.034;0.5276;3.017;0.4548;3.535;0.3862;4.043;0.3873;4.048;0.3673;4.539;0.2727;4.539;0.2427;5.035;0.2324;5.035;0.2105;6.033;0.1309;6.028;0.1097;6.524;0.1096;7.014;0.0898;8.018;0.0398;9.005;0.0299
32;12;weyrather99;3;0.132;0.7407;0.257;0.6421;0.51;0.4089;0.507;0.3623;1.01;0.1789;1.012;0.1635;1.51;0.0805;1.758;0.0551;2.008;0.035;2.005;0.031;2.498;0.013;;;;;;;;;;;;;;;;;;;;;;;;;;;;
33;13;furusawa00;1;-0.003;1.;0.99;0.8866;3.008;0.4824;5.004;0.2425;6.968;0.1021;9.027;0.0359;11.994;0.0063;;;;;;;;;;;;;;;;;;;;;;;;;;;;;;;;;;;;
34;13;furusawa00;2;-0.003;1.;1.011;0.6959;3.007;0.2247;5.012;0.0458;6.963;0.00523;7.997;0.00152;9.01;0.00048;;;;;;;;;;;;;;;;;;;;;;;;;;;;;;;;;;;;
35;13;furusawa00;3;-0.003;1.;2.005;0.7824;3.99;0.3566;5.996;0.0974;8.001;0.0177;10.016;0.00218;;;;;;;;;;;;;;;;;;;;;;;;;;;;;;;;;;;;;;
36;14;suzuki00;1;0.039;0.9794;0.503;0.8286;0.916;0.6686;1.027;0.5866;1.511;0.4993;2.429;0.2671;3.216;0.1482;4.033;0.0676;6.031;0.0121;;;;;;;;;;;;;;;;;;;;;;;;;;;;;;;;
37;14;suzuki00;2;0.05;10.515;0.538;0.9344;1.045;0.6519;1.531;0.4881;2.464;0.2819;3.224;0.1438;4.044;0.076;6.025;0.00956;;;;;;;;;;;;;;;;;;;;;;;;;;;;;;;;;;
38;14;suzuki00;3;-0.046;1.033;0.408;10.476;0.678;0.8572;1.938;0.3689;3.936;0.0525;5.974;0.0025;;;;;;;;;;;;;;;;;;;;;;;;;;;;;;;;;;;;;;
39;14;suzuki00;4;0.114;10.272;1.171;0.9271;2.163;0.6951;4.164;0.4148;6.151;0.1259;8.146;0.0273;10.154;0.00549;;;;;;;;;;;;;;;;;;;;;;;;;;;;;;;;;;;;
40;14;suzuki00;5;-0.005;0.9912;0.748;0.8493;1.531;0.6282;2.419;0.4442;3.601;0.2349;4.828;0.1215;6.545;0.0386;;;;;;;;;;;;;;;;;;;;;;;;;;;;;;;;;;;;
41;14;suzuki00;6;-0.062;0.9956;0.897;0.8544;1.953;0.5785;2.971;0.4188;3.947;0.2227;5.946;0.0587;8.014;0.0129;;;;;;;;;;;;;;;;;;;;;;;;;;;;;;;;;;;;
42;14;suzuki00;7;-0.023;0.9955;0.972;10.014;1.969;0.7955;2.966;0.5808;3.98;0.2983;6.002;0.0558;;;;;;;;;;;;;;;;;;;;;;;;;;;;;;;;;;;;;;
43;14;suzuki00;8;-0.012;0.9933;0.98;0.83;1.988;0.6753;3.004;0.4597;3.952;0.2689;6.022;0.0805;;;;;;;;;;;;;;;;;;;;;;;;;;;;;;;;;;;;;;
44;14;suzuki00;9;0.032;10.159;1.007;0.8614;2.01;0.6157;3.04;0.4322;4.013;0.2014;6.003;0.0292;8.065;0.00202;;;;;;;;;;;;;;;;;;;;;;;;;;;;;;;;;;;;
45;14;suzuki00;10;0.011;0.9933;0.52;0.7269;1.018;0.4778;2.026;0.2112;3.028;0.0805;4.018;0.0262;5.015;0.0111;;;;;;;;;;;;;;;;;;;;;;;;;;;;;;;;;;;;
46;14;suzuki00;11;0.014;0.9673;1.013;0.7327;2.019;0.4546;3.024;0.1601;4.036;0.0445;6.055;0.00701;;;;;;;;;;;;;;;;;;;;;;;;;;;;;;;;;;;;;;
47;14;suzuki00;12;0.041;10.021;1.665;0.8537;2.034;0.529;3.028;0.2459;4.047;0.1716;6.042;0.0212;;;;;;;;;;;;;;;;;;;;;;;;;;;;;;;;;;;;;;
48;14;suzuki00;13;-0.025;10.298;0.927;0.974;1.945;0.7793;2.963;0.6613;3.935;0.4358;5.946;0.1367;8.013;0.0379;;;;;;;;;;;;;;;;;;;;;;;;;;;;;;;;;;;;
49;14;suzuki00;14;-0.012;10.297;2.007;0.7679;2.988;0.6128;4.024;0.4509;6.019;0.2601;8.035;0.1236;10.024;0.0381;;;;;;;;;;;;;;;;;;;;;;;;;;;;;;;;;;;;
50;14;suzuki00;15;0.09;10.437;1.115;0.9548;2.083;0.8391;3.076;0.5409;4.063;0.421;6.041;0.1312;8.049;0.0342;;;;;;;;;;;;;;;;;;;;;;;;;;;;;;;;;;;;
51;14;suzuki00;16;0.003;10.158;0.996;0.8173;2.003;0.5348;3.002;0.3286;4.006;0.1342;5.019;0.0757;6.015;0.0298;;;;;;;;;;;;;;;;;;;;;;;;;;;;;;;;;;;;
52;15;belli00;1;0.;1.;0.487;0.7231;0.988;0.5688;1.983;0.2706;3.006;0.1698;4.007;0.076;5.008;0.0369;;;;;;;;;;;;;;;;;;;;;;;;;;;;;;;;;;;;
53;15;belli00;2;0.;1.;1.011;0.6186;2.008;0.3931;3.012;0.2404;4.989;0.0645;5.982;0.0269;6.982;0.0426;8.989;0.015;;;;;;;;;;;;;;;;;;;;;;;;;;;;;;;;;;
54;15;belli00;3;0.;1.;0.501;0.9045;0.988;0.654;1.488;0.3629;1.982;0.3096;2.996;0.1205;4.018;0.0646;5.018;0.0268;;;;;;;;;;;;;;;;;;;;;;;;;;;;;;;;;;
55;15;belli00;4;0.;1.;2.832;0.5944;0.83;0.9927;2.089;0.7361;3.978;0.5937;4.713;0.3934;5.482;0.2163;5.978;0.2731;6.72;0.1814;8.134;0.0976;;;;;;;;;;;;;;;;;;;;;;;;;;;;;;
56;16;tsuruoka05;1;0.52;0.67608;1.;0.48978;1.5;0.40738;2.4;0.22909;3.2;0.12023;4.8;0.03388;6.;0.01047;;;;;;;;;;;;;;;;;;;;;;;;;;;;;;;;;;;;
57;17;belli08;1;-0.011;0.9987;0.484;0.7324;2.002;0.2753;2.992;0.1711;3.993;0.0763;4.994;0.0375;;;;;;;;;;;;;;;;;;;;;;;;;;;;;;;;;;;;;;
58;17;belli08;2;0.;11.054;0.33;10.148;0.682;0.9118;1.023;0.7442;2.002;0.3835;3.994;0.2271;5.984;0.0151;;;;;;;;;;;;;;;;;;;;;;;;;;;;;;;;;;;;
59;17;belli08;3;-0.011;1.004;0.979;0.5546;2.002;0.2951;2.992;0.1776;4.994;0.0389;6.996;0.0118;;;;;;;;;;;;;;;;;;;;;;;;;;;;;;;;;;;;;;
60;17;belli08;4;-0.011;1.004;2.08;0.7401;2.861;0.5944;5.006;0.4176;6.008;0.2679;6.756;0.1785;6.91;0.2636;8.175;0.0955;9.605;0.0862;9.979;0.0461;11.816;0.0212;12.015;0.0404;;;;;;;;;;;;;;;;;;;;;;;;;;
61;17;belli08;5;0.011;1.004;0.495;0.8737;1.001;0.7809;1.507;0.7284;2.014;0.6271;3.004;0.501;3.994;0.3355;5.006;0.2129;;;;;;;;;;;;;;;;;;;;;;;;;;;;;;;;;;
62;18;belli98;1;1.114;0.8525;1.412;0.8189;1.672;0.7473;2.118;0.6548;2.234;0.5897;2.807;0.4759;3.364;0.3914;3.922;0.3271;4.197;0.261;4.466;0.2187;;;;;;;;;;;;;;;;;;;;;;;;;;;;;;
63;19;hall77;1;2.036;0.8963;3.989;0.4356;5.973;0.262;7.974;0.0591;9.957;0.0202;9.977;0.0171;11.938;0.00661;;;;;;;;;;;;;;;;;;;;;;;;;;;;;;;;;;;;
64;20;bird75;1;1.45;0.87096;1.97;0.70795;2.75;0.56234;3.81;0.41687;4.3;0.25704;5.71;0.13804;5.68;0.16218;7.16;0.07413;7.58;0.06026;9.49;0.02512;11.36;0.01023;12.2;0.00851;;;;;;;;;;;;;;;;;;;;;;;;;;
65;21;neubeck09;1;-0.014;10.017;0.978;0.8027;1.979;0.5925;2.98;0.4464;3.981;0.3627;4.976;0.2107;5.978;0.1357;6.976;0.0512;7.978;0.0363;8.983;0.0171;9.985;0.0119;;;;;;;;;;;;;;;;;;;;;;;;;;;;
66;21;neubeck09;2;0.;0.95912;1.;0.72645;2.;0.49286;3.;0.31413;4.;0.20856;5.;0.12496;6.;0.07375;7.;0.04332;8.;0.02062;9.;0.00985;10.;0.0058;;;;;;;;;;;;;;;;;;;;;;;;;;;;
67;22;perris86;1;0.797;0.8362;1.896;0.8063;3.014;0.5882;4.193;0.431;5.29;0.3871;6.557;0.3447;7.627;0.2548;9.946;0.1247;13.367;0.0371;16.848;0.0111;;;;;;;;;;;;;;;;;;;;;;;;;;;;;;
68;23;bettega83;1;0.498;0.8791;0.805;0.6547;0.997;0.565;1.3;0.5431;1.491;0.4249;1.798;0.3457;1.999;0.385;1.995;0.2634;2.492;0.2633;3.001;0.2657;2.992;0.2107;4.001;0.1517;5.;0.1516;4.997;0.0536;6.989;0.0285;;;;;;;;;;;;;;;;;;;;
69;24;cox77;1;0.993;0.862;1.993;0.8006;2.487;0.6289;2.996;0.5518;4.986;0.2516;7.47;0.0888;10.003;0.0176;12.478;0.0032;;;;;;;;;;;;;;;;;;;;;;;;;;;;;;;;;;
70;24;cox77;2;0.235;0.8018;0.482;0.6341;0.729;0.5229;0.984;0.4253;1.484;0.3146;1.993;0.2111;2.487;0.1539;3.497;0.0775;;;;;;;;;;;;;;;;;;;;;;;;;;;;;;;;;;
71;25;wouters96;1;0.512;0.975;1.03;0.9179;1.548;0.8427;2.053;0.7689;2.558;0.7029;3.056;0.6481;3.579;0.5307;4.077;0.4567;5.01;0.3329;6.111;0.2106;7.125;0.1395;8.124;0.0877;10.183;0.0283;12.235;0.00983;14.222;0.00231;;;;;;;;;;;;;;;;;;;;
72;26;combs09;1;-0.003;10.033;1.003;0.8912;2.002;0.5975;3.001;0.4316;4.001;0.3784;4.999;0.2045;5.998;0.1312;;;;;;;;;;;;;;;;;;;;;;;;;;;;;;;;;;;;
73;26;combs09;2;0.003;0.9644;1.003;0.7811;2.003;0.4924;3.001;0.2673;4.;0.1365;5.995;0.0199;;;;;;;;;;;;;;;;;;;;;;;;;;;;;;;;;;;;;;
74;27;kitajima10;1;-0.005;1.002;0.999;0.3064;1.997;0.1345;2.995;0.0525;;;;;;;;;;;;;;;;;;;;;;;;;;;;;;;;;;;;;;;;;;
75;27;kitajima10;2;-0.002;1.002;0.496;0.3082;0.999;0.0956;1.5;0.0283;2.;0.0087;;;;;;;;;;;;;;;;;;;;;;;;;;;;;;;;;;;;;;;;
76;28;blomquist93;1;0.008;0.9987;1.363;0.5055;1.467;0.4438;2.674;0.1581;2.814;0.2292;2.981;0.1952;4.576;0.0629;4.668;0.1093;4.766;0.0505;4.888;0.1172;9.295;0.00271;9.384;0.00894;9.47;0.0102;9.585;0.00434;;;;;;;;;;;;;;;;;;;;;;
77;28;blomquist93;2;0.;0.9938;1.852;0.8098;1.954;0.7141;2.843;0.408;2.906;0.3509;3.82;0.2577;4.738;0.3925;4.83;0.3068;5.693;0.1161;5.796;0.0977;6.624;0.1497;6.743;0.1255;7.575;0.0584;7.646;0.0375;9.471;0.0131;9.585;0.00235;;;;;;;;;;;;;;;;;;
78;29;yang85;1;0.98;0.69183;3.98;0.16982;4.95;0.07762;7.01;0.0138;9.;0.00389;;;;;;;;;;;;;;;;;;;;;;;;;;;;;;;;;;;;;;;;
79;29;yang85;2;2.08;0.54954;3.05;0.37154;3.59;0.25704;4.56;0.13804;5.56;0.08128;6.5;0.05623;;;;;;;;;;;;;;;;;;;;;;;;;;;;;;;;;;;;;;
80;29;yang85;3;1.03;0.79433;2.06;0.57544;3.04;0.35481;5.02;0.18197;6.;0.0871;7.03;0.06607;;;;;;;;;;;;;;;;;;;;;;;;;;;;;;;;;;;;;;
81;29;yang85;4;0.96;0.95499;2.04;0.70795;3.03;0.48978;3.54;0.38019;4.52;0.22387;5.51;0.15136;6.49;0.10233;;;;;;;;;;;;;;;;;;;;;;;;;;;;;;;;;;;;
82;29;yang85;5;1.04;0.79433;2.04;0.6166;3.05;0.47863;4.06;0.33884;5.06;0.2138;6.04;0.12589;6.99;0.07943;;;;;;;;;;;;;;;;;;;;;;;;;;;;;;;;;;;;
83;29;yang85;6;0.99;0.87096;1.97;0.6166;2.92;0.44668;4.01;0.25704;5.07;0.14791;5.98;0.1;7.;0.06166;;;;;;;;;;;;;;;;;;;;;;;;;;;;;;;;;;;;
84;29;yang85;7;1.02;0.83176;3.03;0.74131;4.02;0.45709;4.98;0.302;6.03;0.14454;6.99;0.06918;;;;;;;;;;;;;;;;;;;;;;;;;;;;;;;;;;;;;;
85;29;yang85;8;1.52;0.77625;2.5;0.66069;3.48;0.45709;4.94;0.25119;5.98;0.13183;6.95;0.06918;;;;;;;;;;;;;;;;;;;;;;;;;;;;;;;;;;;;;;
86;29;yang85;9;2.09;0.69183;3.17;0.50119;4.13;0.32359;5.13;0.19953;6.11;0.0912;7.09;0.03981;;;;;;;;;;;;;;;;;;;;;;;;;;;;;;;;;;;;;;
87;30;miller95;1;0.;1.;0.5;0.94;1.;0.78;2.;0.66;4.;0.23;;;;;;;;;;;;;;;;;;;;;;;;;;;;;;;;;;;;;;;;
88;31;czub08;1;0.262;10.725;0.454;0.9341;0.613;0.7957;0.876;0.7711;1.286;0.817;1.7;0.7406;2.531;0.642;3.359;0.4147;5.018;0.2667;5.849;0.1801;6.685;0.1467;;;;;;;;;;;;;;;;;;;;;;;;;;;;
89;32;kamlah11;1;-0.003;10.026;0.487;0.8519;0.994;0.6951;1.495;0.5642;1.997;0.4893;4.002;0.207;6.007;0.0548;8.013;0.0159;10.018;0.00306;;;;;;;;;;;;;;;;;;;;;;;;;;;;;;;;
90;33;aoki00;1;-0.03;1.;0.97;0.89125;2.99;0.47863;4.95;0.23988;6.98;0.10233;;;;;;;;;;;;;;;;;;;;;;;;;;;;;;;;;;;;;;;;
91;34;han98;1;0.006;0.9975;0.476;0.7939;1.;0.7372;1.993;0.4487;4.013;0.1253;5.999;0.039;;;;;;;;;;;;;;;;;;;;;;;;;;;;;;;;;;;;;;
92;35;hamada10;1;0.074;1.;2.049;0.749;3.96;0.535;6.008;0.223;7.972;0.0696;;;;;;;;;;;;;;;;;;;;;;;;;;;;;;;;;;;;;;;;
93;36;claesson11;1;0.;0.9986;0.497;0.9957;0.99;0.8742;1.989;0.8472;3.982;0.5252;5.998;0.3293;;;;;;;;;;;;;;;;;;;;;;;;;;;;;;;;;;;;;;
94;36;claesson11;2;-0.004;0.9986;0.493;0.838;0.998;0.65;1.992;0.5098;3.989;0.2404;5.994;0.1179;;;;;;;;;;;;;;;;;;;;;;;;;;;;;;;;;;;;;;
95;36;claesson11;3;0.;0.9986;0.497;0.8525;1.002;0.6391;1.997;0.6799;3.985;0.3355;5.999;0.1995;;;;;;;;;;;;;;;;;;;;;;;;;;;;;;;;;;;;;;
96;36;claesson11;4;0.;10.014;0.994;0.8793;1.989;0.6517;3.995;0.3704;6.;0.2023;;;;;;;;;;;;;;;;;;;;;;;;;;;;;;;;;;;;;;;;
97;36;claesson11;5;0.;0.9958;0.497;0.8843;1.003;0.8742;1.997;0.7677;3.993;0.3941;6.006;0.1912;;;;;;;;;;;;;;;;;;;;;;;;;;;;;;;;;;;;;;
98;36;claesson11;6;0.;0.9986;0.497;0.7921;0.995;0.6995;1.989;0.3865;3.986;0.1179;6.;0.0341;;;;;;;;;;;;;;;;;;;;;;;;;;;;;;;;;;;;;;
99;37;wedenberg10;1;-0.06;104.713;0.48;0.95499;0.96;0.85114;1.99;0.6166;3.15;0.38904;4.05;0.24547;5.04;0.14791;6.07;0.08511;7.03;0.04266;8.03;0.02239;9.03;0.0123;10.09;0.0055;11.05;0.00224;12.04;0.00115;13.07;0.0004;14.1;0.00015;;;;;;;;;;;;;;;;;;
100;38;miller90;1;0.;1.;0.5;0.94;1.;0.78;2.;0.66;4.;0.23;;;;;;;;;;;;;;;;;;;;;;;;;;;;;;;;;;;;;;;;
101;39;tobias80;1;4.;0.452;6.;0.241;8.;0.151;10.;0.05;12.;0.018;;;;;;;;;;;;;;;;;;;;;;;;;;;;;;;;;;;;;;;;
102;39;tobias80;2;1.23;0.814;2.02;0.698;2.4;0.486;3.603;0.258;4.805;0.119;5.678;0.048;6.587;0.0216;7.482;0.0161;8.393;0.009;;;;;;;;;;;;;;;;;;;;;;;;;;;;;;;;
103;40;cox79;1;0.235;0.8018;0.482;0.6341;0.729;0.5229;0.984;0.4253;1.484;0.3146;1.993;0.2111;2.487;0.1539;3.497;0.0775;;;;;;;;;;;;;;;;;;;;;;;;;;;;;;;;;;
104;41;ito06;1;0.02;0.97724;1.98;0.56234;4.99;0.04786;7.98;0.00263;;;;;;;;;;;;;;;;;;;;;;;;;;;;;;;;;;;;;;;;;;
105;42;tilly99;1;1.022;11.095;1.017;0.8547;2.027;0.7156;2.022;0.616;4.03;0.4711;5.03;0.2433;6.029;0.1922;8.035;0.0567;10.029;0.0189;11.024;0.00926;;;;;;;;;;;;;;;;;;;;;;;;;;;;;;
106;43;thacker79;1;0.11;1.;0.23;1.;0.38;0.95499;0.48;0.95499;0.67;0.91201;0.84;0.89125;1.;0.87096;1.21;0.83176;1.37;0.79433;1.58;0.77625;1.78;0.72444;1.98;0.69183;2.22;0.64565;2.4;0.6166;2.6;0.58884;2.83;0.54954;3.07;0.51286;3.27;0.48978;3.46;0.45709;3.67;0.42658;3.82;0.39811;3.97;0.38019;;;;;;
107;44;hirayama09;1;-0.026;10.027;0.958;0.8877;1.959;0.6958;3.98;0.3707;5.985;0.0961;7.971;0.0332;9.975;0.00715;;;;;;;;;;;;;;;;;;;;;;;;;;;;;;;;;;;;
108;45;hirayama05;1;0.;1.;1.059;0.7652;2.055;0.4359;4.068;0.074;6.059;0.00904;;;;;;;;;;;;;;;;;;;;;;;;;;;;;;;;;;;;;;;;
109;46;curtis82;1;1.044;0.8745;2.037;0.5434;3.056;0.3435;3.97;0.1617;4.989;0.1022;5.982;0.0309;6.949;0.0161;7.968;0.00674;;;;;;;;;;;;;;;;;;;;;;;;;;;;;;;;;;
110;47;boehrnsen02;1;0.001;10.029;0.094;0.9796;0.199;0.9201;0.3;0.9344;0.4;10.062;0.502;0.9544;0.703;0.8841;1.006;0.9425;2.003;0.7741;3.001;0.6689;5.008;0.3542;;;;;;;;;;;;;;;;;;;;;;;;;;;;
111;48;fournier01;1;-0.01;10.029;0.503;0.7921;0.747;0.8807;0.99;0.5457;1.503;0.4722;1.99;0.3645;2.503;0.2224;2.99;0.1839;3.49;0.1346;3.996;0.0869;4.483;0.0541;4.989;0.0471;;;;;;;;;;;;;;;;;;;;;;;;;;
112;48;fournier01;2;0.49;0.7922;0.99;0.5215;1.489;0.304;1.989;0.2774;2.988;0.1592;3.988;0.0701;4.987;0.0299;;;;;;;;;;;;;;;;;;;;;;;;;;;;;;;;;;;;
113;49;wulf85;1;0.981;0.7939;2.001;0.5701;3.961;0.3035;5.98;0.1995;7.972;0.0682;9.986;0.0214;;;;;;;;;;;;;;;;;;;;;;;;;;;;;;;;;;;;;;
114;49;wulf85;2;0.94;0.95499;1.92;0.70795;3.94;0.37154;5.95;0.15488;5.91;0.17378;7.96;0.07244;7.96;0.05495;9.98;0.02455;10.02;0.02818;;;;;;;;;;;;;;;;;;;;;;;;;;;;;;;;
115;50;scholz03;1;0.507;10.296;0.761;10.183;1.015;0.9451;1.015;0.8559;1.511;0.9212;1.511;0.7666;2.019;0.7264;2.019;0.684;2.537;0.6413;2.526;0.6038;3.034;0.5276;3.017;0.4548;3.535;0.3862;4.043;0.3873;4.048;0.3673;4.539;0.2727;4.539;0.2427;5.035;0.2324;5.035;0.2105;6.033;0.1309;6.028;0.1097;6.524;0.1096;7.014;0.0898;8.018;0.0398;9.005;0.0299
116;50;scholz03;2;0.78;10.431;1.028;0.9394;1.424;0.8697;1.826;0.825;2.024;0.7405;2.535;0.7296;2.784;0.6109;3.043;0.6825;3.54;0.5913;3.544;0.4556;4.042;0.4306;4.535;0.4661;5.033;0.378;5.529;0.2489;6.023;0.278;6.519;0.1496;7.5;0.1108;8.494;0.0645;8.974;0.0665;;;;;;;;;;;;
117;51;persson02;1;-0.001;10.004;0.499;0.9799;1.002;0.9515;2.002;0.721;3.001;0.5734;4.;0.3773;6.003;0.1404;;;;;;;;;;;;;;;;;;;;;;;;;;;;;;;;;;;;
118;52;yang84;1;0.03;0.97724;1.44;0.74131;2.43;0.63096;3.4;0.44668;4.96;0.24547;5.95;0.12589;6.98;0.06607;;;;;;;;;;;;;;;;;;;;;;;;;;;;;;;;;;;;
119;52;yang84;2;-0.1;1.;1.92;0.67608;2.91;0.51286;3.96;0.32359;4.98;0.20417;5.97;0.09333;6.99;0.04074;;;;;;;;;;;;;;;;;;;;;;;;;;;;;;;;;;;;
120;53;scholz97;1;N/A;N/A;;;;;;;;;;;;;;;;;;;;;;;;;;;;;;;;;;;;;;;;;;;;;;;;
121;54;prise90;1;N/A;N/A;;;;;;;;;;;;;;;;;;;;;;;;;;;;;;;;;;;;;;;;;;;;;;;;
122;55;terato08;1;0.;0.93325;1.06;0.64565;2.08;0.40738;3.07;0.26915;5.;0.07762;9.99;0.00398;;;;;;;;;;;;;;;;;;;;;;;;;;;;;;;;;;;;;;
123;56;suzuki96;1;-0.03;1.;0.16;0.9725;0.379;0.951;0.671;0.8995;0.963;0.827;1.482;0.6317;1.972;0.4053;2.477;0.2389;2.974;0.1402;3.969;0.0433;4.978;0.00913;;;;;;;;;;;;;;;;;;;;;;;;;;;;
124;57;matsumoto08;1;-0.002;10.016;0.985;0.7974;1.972;0.5537;2.998;0.3844;3.501;0.2534;4.004;0.2071;6.007;0.0511;7.602;0.0177;;;;;;;;;;;;;;;;;;;;;;;;;;;;;;;;;;
125;57;matsumoto08;2;-0.002;10.016;0.88;0.9505;2.2;0.3698;3.387;0.1891;4.393;0.0811;4.498;0.1296;5.495;0.046;6.511;0.0201;6.995;0.00414;;;;;;;;;;;;;;;;;;;;;;;;;;;;;;;;
126;57;matsumoto08;3;-0.002;10.016;1.773;0.5573;3.282;0.2652;4.27;0.1153;5.295;0.0437;6.302;0.0132;7.594;0.00213;8.505;0.00277;;;;;;;;;;;;;;;;;;;;;;;;;;;;;;;;;;
127;57;matsumoto08;4;-0.002;10.016;1.991;0.709;2.485;0.5608;3.491;0.3121;3.994;0.2943;5.001;0.1448;5.997;0.1066;6.396;0.0498;7.004;0.0556;7.498;0.0478;7.792;0.0248;8.504;0.0212;9.51;0.0139;;;;;;;;;;;;;;;;;;;;;;;;
128;57;matsumoto08;5;-0.002;10.016;0.273;0.8293;0.681;0.5432;0.966;0.48;1.09;0.3466;1.374;0.3103;1.887;0.1349;2.486;0.0771;3.388;0.0233;;;;;;;;;;;;;;;;;;;;;;;;;;;;;;;;
129;57;matsumoto08;6;-0.002;10.016;0.643;0.7233;1.184;0.499;2.181;0.2536;2.998;0.1402;3.995;0.0564;5.286;0.0189;;;;;;;;;;;;;;;;;;;;;;;;;;;;;;;;;;;;
130;58;mehnati05;1;0.011;0.9973;2.029;0.7206;4.04;0.3317;6.042;0.0915;8.052;0.0408;10.058;0.0144;;;;;;;;;;;;;;;;;;;;;;;;;;;;;;;;;;;;;;
131;59;stenerloew95;1;1.915;0.4598;2.025;0.3928;3.91;0.1706;4.012;0.1506;5.897;0.0259;5.999;0.0356;7.954;0.00406;;;;;;;;;;;;;;;;;;;;;;;;;;;;;;;;;;;;
132;59;stenerloew95;2;1.983;0.8235;3.984;0.3338;5.987;0.0724;7.992;0.0192;9.98;0.00491;;;;;;;;;;;;;;;;;;;;;;;;;;;;;;;;;;;;;;;;
133;59;stenerloew95;3;1.972;0.5511;3.986;0.3202;5.983;0.0531;7.982;0.0124;9.984;0.00123;;;;;;;;;;;;;;;;;;;;;;;;;;;;;;;;;;;;;;;;
134;59;stenerloew95;4;1.876;0.749;1.998;0.7574;2.836;0.3848;2.839;0.4413;3.777;0.2759;3.972;0.326;5.696;0.105;5.996;0.123;6.668;0.1335;7.599;0.0618;7.59;0.0392;7.97;0.0351;9.515;0.0133;9.987;0.00975;;;;;;;;;;;;;;;;;;;;;;
135;59;stenerloew95;5;1.384;0.4729;2.834;0.2006;4.76;0.0831;6.656;0.0183;9.527;0.00644;;;;;;;;;;;;;;;;;;;;;;;;;;;;;;;;;;;;;;;;
136;59;stenerloew95;6;1.869;0.599;3.793;0.2963;4.74;0.1532;5.673;0.0942;7.561;0.0123;;;;;;;;;;;;;;;;;;;;;;;;;;;;;;;;;;;;;;;;
137;59;stenerloew95;7;1.932;0.8463;2.015;0.6376;3.923;0.3773;4.016;0.313;5.978;0.1137;7.913;0.0694;8.009;0.0365;9.964;0.0149;;;;;;;;;;;;;;;;;;;;;;;;;;;;;;;;;;
138;60;okayasu06;1;-0.002;1.;1.996;0.5306;4.001;0.3467;5.999;0.0985;7.992;0.00789;;;;;;;;;;;;;;;;;;;;;;;;;;;;;;;;;;;;;;;;
139;60;okayasu06;2;-0.002;1.;0.494;0.1496;2.;0.0271;3.999;0.0026;5.999;0.0003;;;;;;;;;;;;;;;;;;;;;;;;;;;;;;;;;;;;;;;;
140;60;okayasu06;3;-0.002;1.;2.003;0.6312;4.009;0.2865;8.013;0.0268;;;;;;;;;;;;;;;;;;;;;;;;;;;;;;;;;;;;;;;;;;
141;60;okayasu06;4;-0.001;1.;1.006;0.4701;2.003;0.2059;3.;0.1185;5.;0.0234;;;;;;;;;;;;;;;;;;;;;;;;;;;;;;;;;;;;;;;;
142;60;okayasu06;5;-0.001;1.;0.997;0.1109;1.996;0.0111;2.998;0.00359;;;;;;;;;;;;;;;;;;;;;;;;;;;;;;;;;;;;;;;;;;
143;61;tsuboi07;1;0.022;10.054;0.52;0.8775;1.019;0.693;2.004;0.3827;3.002;0.2025;3.987;0.1111;5.984;0.0182;;;;;;;;;;;;;;;;;;;;;;;;;;;;;;;;;;;;
144;61;tsuboi07;2;-0.015;10.126;0.994;0.6192;1.992;0.3602;2.99;0.1842;3.988;0.0708;5.997;0.0102;;;;;;;;;;;;;;;;;;;;;;;;;;;;;;;;;;;;;;
145;61;tsuboi07;3;-0.009;10.053;0.981;0.9364;1.985;0.7461;3.981;0.3516;5.978;0.131;7.988;0.0403;;;;;;;;;;;;;;;;;;;;;;;;;;;;;;;;;;;;;;
146;62;todd75;1;0.05;0.97724;2.;0.41687;3.44;0.10965;4.93;0.02754;6.34;0.0049;;;;;;;;;;;;;;;;;;;;;;;;;;;;;;;;;;;;;;;;
147;62;todd75;2;0.05;1.;2.;0.56234;3.49;0.17783;4.96;0.08511;6.46;0.02344;;;;;;;;;;;;;;;;;;;;;;;;;;;;;;;;;;;;;;;;
148;62;todd75;3;0.05;1.;1.97;0.45709;3.45;0.11482;5.03;0.04571;6.41;0.00871;;;;;;;;;;;;;;;;;;;;;;;;;;;;;;;;;;;;;;;;
149;62;todd75;4;3.079;0.4417;5.578;0.0597;6.056;0.1045;7.076;0.0222;9.628;0.00208;;;;;;;;;;;;;;;;;;;;;;;;;;;;;;;;;;;;;;;;
150;62;todd75;5;-0.03;102.329;3.06;0.41687;6.05;0.05623;6.99;0.02754;9.03;0.0055;;;;;;;;;;;;;;;;;;;;;;;;;;;;;;;;;;;;;;;;
151;62;todd75;6;0.05;1.;3.08;0.52481;5.56;0.19055;7.08;0.11482;9.05;0.02291;;;;;;;;;;;;;;;;;;;;;;;;;;;;;;;;;;;;;;;;
152;62;todd75;7;2.991;0.446;5.513;0.0773;7.523;0.0297;9.534;0.00677;;;;;;;;;;;;;;;;;;;;;;;;;;;;;;;;;;;;;;;;;;
153;62;todd75;8;3.023;0.4447;5.481;0.0905;7.505;0.0403;9.5;0.00682;;;;;;;;;;;;;;;;;;;;;;;;;;;;;;;;;;;;;;;;;;
154;62;todd75;9;0.03;1.;2.95;0.52481;5.56;0.15488;7.02;0.0955;9.54;0.00933;;;;;;;;;;;;;;;;;;;;;;;;;;;;;;;;;;;;;;;;
155;62;todd75;10;0.08;0.97724;3.08;0.58884;6.11;0.19498;8.08;0.0871;10.05;0.01202;12.03;0.00295;;;;;;;;;;;;;;;;;;;;;;;;;;;;;;;;;;;;;;
156;63;hall72;1;0.;102.329;2.03;0.74131;2.03;0.60256;4.01;0.38019;4.01;0.2884;4.01;0.302;6.04;0.17783;6.04;0.17378;6.04;0.14454;7.98;0.12303;7.98;0.08318;7.98;0.07244;8.24;0.07586;10.05;0.04467;10.01;0.04074;10.05;0.03162;12.08;0.01585;11.99;0.01349;15.05;0.00603;;;;;;;;;;;;
157;64;takahashi00;1;0.13;0.97724;1.67;0.74131;3.18;0.41687;4.63;0.14454;6.08;0.04898;;;;;;;;;;;;;;;;;;;;;;;;;;;;;;;;;;;;;;;;
158;64;takahashi00;2;0.23;0.95499;1.67;0.70795;3.15;0.41687;4.6;0.14125;6.04;0.04365;;;;;;;;;;;;;;;;;;;;;;;;;;;;;;;;;;;;;;;;
159;64;takahashi00;3;0.16;0.97724;1.64;0.83176;3.12;0.48978;4.63;0.29512;6.08;0.09333;;;;;;;;;;;;;;;;;;;;;;;;;;;;;;;;;;;;;;;;
160;64;takahashi00;4;0.16;0.95499;1.67;0.89125;3.15;0.50119;4.66;0.26303;6.08;0.10233;;;;;;;;;;;;;;;;;;;;;;;;;;;;;;;;;;;;;;;;
161;65;takahashi04;1;0.003;0.9634;1.955;0.8168;3.984;0.5086;6.;0.209;7.992;0.0676;9.996;0.0172;;;;;;;;;;;;;;;;;;;;;;;;;;;;;;;;;;;;;;
162;65;takahashi04;2;0.08;1.;1.99;0.83176;4.1;0.51286;6.05;0.25119;8.01;0.0871;10.04;0.0257;;;;;;;;;;;;;;;;;;;;;;;;;;;;;;;;;;;;;;
163;65;takahashi04;3;0.;1.;2.53;0.91201;5.06;0.48978;7.55;0.302;10.04;0.1349;;;;;;;;;;;;;;;;;;;;;;;;;;;;;;;;;;;;;;;;
164;65;takahashi04;4;0.04;1.;2.53;0.89125;5.02;0.70795;7.55;0.39811;10.04;0.19055;;;;;;;;;;;;;;;;;;;;;;;;;;;;;;;;;;;;;;;;
165;65;takahashi04;5;0.04;102.329;2.51;0.97724;5.02;0.64565;7.53;0.39811;10.;0.19953;;;;;;;;;;;;;;;;;;;;;;;;;;;;;;;;;;;;;;;;
166;65;takahashi04;6;0.08;1.;2.51;0.87096;5.02;0.77625;7.53;0.48978;10.;0.15849;;;;;;;;;;;;;;;;;;;;;;;;;;;;;;;;;;;;;;;;
167;66;matsuzaki98;1;-0.008;0.9976;0.99;0.7236;2.015;0.4896;4.008;0.1551;6.013;0.0394;;;;;;;;;;;;;;;;;;;;;;;;;;;;;;;;;;;;;;;;
168;66;matsuzaki98;2;0.005;10.008;0.985;0.6665;2.017;0.3617;3.499;0.1153;4.992;0.026;;;;;;;;;;;;;;;;;;;;;;;;;;;;;;;;;;;;;;;;
169;66;matsuzaki98;3;-0.008;10.008;0.974;0.4891;2.001;0.2068;3.491;0.0664;4.976;0.0144;;;;;;;;;;;;;;;;;;;;;;;;;;;;;;;;;;;;;;;;
170;67;kronenberg09;1;-0.001;10.008;0.497;0.7728;1.002;0.5552;1.507;0.4262;1.991;0.4186;3.;0.1992;4.003;0.1402;4.992;0.0698;5.995;0.0339;;;;;;;;;;;;;;;;;;;;;;;;;;;;;;;;
171;68;hamada06;1;-0.003;10.015;1.989;0.3075;3.996;0.1434;5.991;0.0638;8.011;0.0327;;;;;;;;;;;;;;;;;;;;;;;;;;;;;;;;;;;;;;;;
172;69;zhou06;1;-0.002;0.995;0.493;11.239;1.497;0.7993;2.5;0.623;3.994;0.428;4.993;0.2899;6.79;0.1692;7.999;0.0755;9.988;0.0245;;;;;;;;;;;;;;;;;;;;;;;;;;;;;;;;
173;70;jenner93;1;0.002;1.;1.495;0.7316;3.018;0.5119;4.482;0.4157;5.976;0.3133;8.99;0.0833;12.003;0.0112;;;;;;;;;;;;;;;;;;;;;;;;;;;;;;;;;;;;
174;71;furusawa02;1;-0.004;10.061;1.975;0.5663;4.003;0.2868;5.984;0.1175;7.49;0.0553;9.005;0.0212;10.99;0.00428;;;;;;;;;;;;;;;;;;;;;;;;;;;;;;;;;;;;
175;71;furusawa02;2;-0.004;10.061;1.978;0.7936;4.001;0.3736;5.994;0.1521;7.502;0.1114;8.973;0.055;11.005;0.0205;;;;;;;;;;;;;;;;;;;;;;;;;;;;;;;;;;;;
176;72;takahashi01;1;0.;104.713;3.02;0.63096;5.98;0.20417;9.01;0.05129;;;;;;;;;;;;;;;;;;;;;;;;;;;;;;;;;;;;;;;;;;
177;72;takahashi01;2;0.;102.329;1.53;0.74131;2.99;0.37154;5.98;0.1;9.01;0.01698;;;;;;;;;;;;;;;;;;;;;;;;;;;;;;;;;;;;;;;;
178;73;bettega05;1;0.;0.9992;0.501;0.7441;1.003;0.5022;2.001;0.2006;3.003;0.0945;4.002;0.0476;;;;;;;;;;;;;;;;;;;;;;;;;;;;;;;;;;;;;;
179;74;ibanez09;1;0.;10.055;0.993;0.7942;1.994;0.7349;2.996;0.474;4.994;0.2319;6.997;0.047;;;;;;;;;;;;;;;;;;;;;;;;;;;;;;;;;;;;;;
180;75;hellweg11;1;-0.003;1.;0.997;0.6314;1.997;0.384;3.002;0.2024;4.001;0.0606;;;;;;;;;;;;;;;;;;;;;;;;;;;;;;;;;;;;;;;;
181;76;napolitano92;1;-0.001;10.008;0.977;0.9424;1.993;0.6016;2.993;0.4137;4.981;0.0991;7.002;0.0605;;;;;;;;;;;;;;;;;;;;;;;;;;;;;;;;;;;;;;
182;77;hill04;1;0.973;0.9003;1.973;0.6955;2.974;0.6104;3.984;0.3716;4.973;0.2637;7.509;0.075;;;;;;;;;;;;;;;;;;;;;;;;;;;;;;;;;;;;;;
183;77;hill04;2;0.968;0.4639;2.022;0.2115;2.978;0.1087;3.999;0.0551;5.012;0.0239;7.416;0.0034;;;;;;;;;;;;;;;;;;;;;;;;;;;;;;;;;;;;;;
184;77;hill04;3;0.487;0.7229;0.974;0.5159;1.918;0.217;2.982;0.077;3.992;0.0223;4.991;0.00726;5.978;0.00206;7.492;0.00018;;;;;;;;;;;;;;;;;;;;;;;;;;;;;;;;;;
185;77;hill04;4;1.045;0.6461;2.478;0.2482;5.;0.0467;7.5;0.00492;;;;;;;;;;;;;;;;;;;;;;;;;;;;;;;;;;;;;;;;;;
186;77;hill04;5;1.922;0.5802;1.998;0.5117;3.85;0.2398;3.996;0.1909;5.765;0.0851;6.;0.0639;7.673;0.0222;8.019;0.0165;9.575;0.00414;;;;;;;;;;;;;;;;;;;;;;;;;;;;;;;;
187;77;hill04;6;0.544;0.35;0.53;0.319;1.025;0.1274;1.025;0.1145;1.535;0.0622;1.528;0.0513;1.996;0.026;2.058;0.0254;2.533;0.013;2.533;0.0101;;;;;;;;;;;;;;;;;;;;;;;;;;;;;;
188;78;antonelli15;1;0.;10.008;0.188;0.8256;0.29;0.7248;0.397;0.6381;0.503;0.688;1.002;0.4775;1.994;0.2177;3.003;0.1029;3.991;0.0439;;;;;;;;;;;;;;;;;;;;;;;;;;;;;;;;
189;79;bettega09;1;-0.002;10.024;0.496;0.9003;0.994;0.8035;1.998;0.5525;2.994;0.3502;3.998;0.2338;5.002;0.1602;6.993;0.0683;;;;;;;;;;;;;;;;;;;;;;;;;;;;;;;;;;
190;80;beuve08;1;-0.002;10.053;0.493;0.7645;1.002;0.7648;1.999;0.424;2.996;0.2478;3.993;0.1494;;;;;;;;;;;;;;;;;;;;;;;;;;;;;;;;;;;;;;
191;80;beuve08;2;-0.002;1.;0.497;0.8635;0.996;0.837;1.502;0.7945;1.995;0.8377;2.5;0.6178;2.999;0.4751;3.997;0.3894;5.002;0.1967;5.993;0.1334;;;;;;;;;;;;;;;;;;;;;;;;;;;;;;
192;81;britten13;1;2.101;0.6118;4.141;0.3241;6.255;0.071;8.294;0.0204;10.427;0.00596;;;;;;;;;;;;;;;;;;;;;;;;;;;;;;;;;;;;;;;;
193;81;britten13;2;2.102;0.8115;2.981;0.5838;4.142;0.6568;4.984;0.3437;5.994;0.2122;9.98;0.0279;14.975;0.00136;;;;;;;;;;;;;;;;;;;;;;;;;;;;;;;;;;;;
194;82;chaudhary14;1;0.008;10.064;0.255;0.8481;0.745;0.6128;2.002;0.1914;2.994;0.0686;;;;;;;;;;;;;;;;;;;;;;;;;;;;;;;;;;;;;;;;
195;82;chaudhary14;2;0.002;10.146;1.487;0.7589;3.001;0.4389;4.486;0.208;6.994;0.0314;;;;;;;;;;;;;;;;;;;;;;;;;;;;;;;;;;;;;;;;
196;83;cox77n;1;N/A;N/A;;;;;;;;;;;;;;;;;;;;;;;;;;;;;;;;;;;;;;;;;;;;;;;;
197;83;cox77n;2;N/A;N/A;;;;;;;;;;;;;;;;;;;;;;;;;;;;;;;;;;;;;;;;;;;;;;;;
198;84;folkard89;1;N/A;N/A;;;;;;;;;;;;;;;;;;;;;;;;;;;;;;;;;;;;;;;;;;;;;;;;
199;85;franken11;1;0.02;0.9636;2.033;0.5939;4.024;0.2348;6.026;0.0708;8.029;0.0229;;;;;;;;;;;;;;;;;;;;;;;;;;;;;;;;;;;;;;;;
200;86;frankenberg09;1;0.033;10.074;1.034;0.8774;2.026;0.5529;3.035;0.4281;4.027;0.2833;5.035;0.1733;6.043;0.102;7.001;0.0469;7.992;0.022;8.999;0.00825;9.99;0.00399;;;;;;;;;;;;;;;;;;;;;;;;;;;;
201;86;frankenberg09;2;0.024;10.074;2.027;0.7066;3.037;0.7713;4.029;0.5257;4.518;0.6148;5.038;0.4151;6.031;0.3183;6.99;0.1854;7.998;0.1191;9.004;0.0413;10.015;0.0478;11.997;0.0123;;;;;;;;;;;;;;;;;;;;;;;;;;
202;86;frankenberg09;3;-0.006;10.065;1.;0.8246;2.006;0.6194;2.99;0.405;3.995;0.2625;4.99;0.1574;5.996;0.0952;7.001;0.0519;7.973;0.0232;;;;;;;;;;;;;;;;;;;;;;;;;;;;;;;;
203;86;frankenberg09;4;-0.006;10.065;0.989;0.7964;2.006;0.4987;2.978;0.299;3.984;0.1747;5.;0.0787;5.995;0.037;7.;0.0121;;;;;;;;;;;;;;;;;;;;;;;;;;;;;;;;;;
204;86;frankenberg09;5;0.024;10.048;1.016;0.674;2.015;0.4609;2.999;0.2142;3.996;0.0789;4.993;0.031;5.498;0.0163;;;;;;;;;;;;;;;;;;;;;;;;;;;;;;;;;;;;
205;86;frankenberg09;6;0.017;10.048;0.263;0.8072;0.516;0.7569;0.756;0.6239;1.015;0.5143;1.261;0.3849;1.514;0.3013;1.759;0.2226;2.011;0.1582;2.516;0.0915;2.994;0.0484;;;;;;;;;;;;;;;;;;;;;;;;;;;;
206;86;frankenberg09;7;0.01;10.194;0.512;0.4578;1.012;0.0954;1.499;0.0292;2.007;0.00976;2.507;0.00201;;;;;;;;;;;;;;;;;;;;;;;;;;;;;;;;;;;;;;
207;86;frankenberg09;8;0.01;10.194;0.513;10.535;1.022;0.8096;1.503;0.5222;2.006;0.5109;2.515;0.3295;3.016;0.1707;3.504;0.1065;4.006;0.0694;5.018;0.0322;;;;;;;;;;;;;;;;;;;;;;;;;;;;;;
208;87;gerelchuluun11;1;0.006;0.9987;0.999;0.9169;1.992;0.5843;4.003;0.392;6.005;0.0989;8.017;0.031;;;;;;;;;;;;;;;;;;;;;;;;;;;;;;;;;;;;;;
209;87;gerelchuluun11;2;-0.007;0.9938;0.493;0.5891;0.995;0.2273;1.498;0.0974;2.003;0.0233;;;;;;;;;;;;;;;;;;;;;;;;;;;;;;;;;;;;;;;;
210;88;gerelchuluun15;1;-0.003;1.;0.993;11.917;1.996;0.7837;3.996;0.4367;8.004;0.0824;;;;;;;;;;;;;;;;;;;;;;;;;;;;;;;;;;;;;;;;
211;88;gerelchuluun15;2;0.003;1.;0.993;0.724;1.99;0.5721;3.996;0.1698;8.004;0.0168;;;;;;;;;;;;;;;;;;;;;;;;;;;;;;;;;;;;;;;;
212;88;gerelchuluun15;3;-0.003;1.;0.495;0.7561;0.993;0.4885;1.996;0.3298;3.996;0.1556;;;;;;;;;;;;;;;;;;;;;;;;;;;;;;;;;;;;;;;;
213;88;gerelchuluun15;4;-0.003;1.;0.495;0.7694;0.993;0.3791;1.996;0.134;3.996;0.0104;;;;;;;;;;;;;;;;;;;;;;;;;;;;;;;;;;;;;;;;
214;88;gerelchuluun15;5;-0.003;1.;0.495;0.5918;0.993;0.3443;1.99;0.1555;3.;0.0714;4.004;0.0368;;;;;;;;;;;;;;;;;;;;;;;;;;;;;;;;;;;;;;
215;88;gerelchuluun15;6;-0.003;1.;0.495;0.3565;0.993;0.1595;1.996;0.0477;4.004;0.00471;;;;;;;;;;;;;;;;;;;;;;;;;;;;;;;;;;;;;;;;
216;89;habermehl14;1;0.;1.;2.005;0.3069;4.007;0.1217;5.998;0.0256;7.998;0.00061;;;;;;;;;;;;;;;;;;;;;;;;;;;;;;;;;;;;;;;;
217;89;habermehl14;2;0.;1.;2.024;0.5478;4.016;0.1004;6.021;0.0505;8.013;0.00925;;;;;;;;;;;;;;;;;;;;;;;;;;;;;;;;;;;;;;;;
218;89;habermehl14;3;0.;1.;1.992;0.5215;3.991;0.1773;6.;0.0341;7.99;0.00792;;;;;;;;;;;;;;;;;;;;;;;;;;;;;;;;;;;;;;;;
219;89;habermehl14;4;0.;1.;2.022;0.4325;4.016;0.1729;6.01;0.07;8.014;0.0205;;;;;;;;;;;;;;;;;;;;;;;;;;;;;;;;;;;;;;;;
220;90;kraft85;1;0.028;10.072;0.276;0.5636;0.351;0.564;0.6;0.3245;0.727;0.2711;0.923;0.1868;1.028;0.154;1.298;0.1271;1.412;0.0783;1.674;0.0692;1.705;0.0483;1.78;0.0457;1.87;0.0415;2.08;0.0274;2.185;0.0256;2.223;0.0208;2.599;0.0109;2.816;0.0117;3.298;0.00297;;;;;;;;;;;;
221;90;kraft85;2;0.028;0.9933;1.518;0.8397;2.215;0.5198;2.223;0.4525;3.721;0.367;4.628;0.2123;5.114;0.1856;5.609;0.1492;6.794;0.054;7.31;0.0565;7.79;0.0474;8.203;0.0301;8.599;0.0372;9.117;0.0197;10.009;0.0101;10.819;0.00678;;;;;;;;;;;;;;;;;;
222;91;manti12;1;0.001;0.9986;0.251;0.8805;0.495;0.8555;0.75;0.733;0.988;0.6354;1.997;0.4355;3.;0.2984;3.992;0.1067;6.;0.0169;;;;;;;;;;;;;;;;;;;;;;;;;;;;;;;;
223;92;petrovic10;1;-0.014;10.011;1.98;0.8758;3.975;0.8029;7.963;0.7629;11.99;0.681;15.979;0.561;;;;;;;;;;;;;;;;;;;;;;;;;;;;;;;;;;;;;;
224;93;raju78;1;2.038;0.7015;4.087;0.3102;6.125;0.1419;;;;;;;;;;;;;;;;;;;;;;;;;;;;;;;;;;;;;;;;;;;;
225;94;hamada08;1;2.;0.5385;3.988;0.2926;5.976;0.1638;7.972;0.0713;;;;;;;;;;;;;;;;;;;;;;;;;;;;;;;;;;;;;;;;;;
226;94;hamada08;2;1.999;0.2402;3.987;0.1158;5.975;0.0558;7.971;0.0252;;;;;;;;;;;;;;;;;;;;;;;;;;;;;;;;;;;;;;;;;;
227;95;slonina14;1;1.;0.601;1.;0.4127;1.;0.3911;2.;0.2772;2.;0.1948;2.;0.1412;3.;0.1514;3.;0.0641;3.;0.0585;4.;0.09;4.;0.0405;4.;0.0367;4.;0.0246;6.;0.00903;6.;0.00436;6.;0.00336;6.;0.00205;8.;0.00046;;;;;;;;;;;;;;
228;95;slonina14;2;1.;0.5823;1.;0.403;2.;0.2746;2.;0.2284;2.;0.19;3.;0.151;3.;0.0583;4.;0.0896;4.;0.0532;4.;0.0374;4.;0.0243;6.;0.00897;6.;0.00566;6.;0.00436;6.;0.00209;8.;0.00046;;;;;;;;;;;;;;;;;;
229;95;slonina14;3;1.;0.5871;1.;0.4628;2.;0.2625;2.;0.2286;2.;0.1902;3.;0.1421;3.;0.1062;3.;0.0818;4.;0.0509;4.;0.043;4.;0.0331;5.;0.0117;6.;0.00568;6.;0.00458;6.;0.00332;6.;0.00264;8.;0.00053;8.;0.00024;8.;0.00017;;;;;;;;;;;;
230;95;slonina14;4;1.;0.6894;1.;0.5913;1.;0.4626;2.;0.351;2.;0.3105;2.;0.2583;2.;0.225;3.;0.2147;3.;0.1533;3.;0.1377;3.;0.0817;4.;0.083;4.;0.067;4.;0.0516;4.;0.0423;6.;0.0229;6.;0.0108;6.;0.00464;6.;0.00326;8.;0.00149;8.;0.00043;8.;0.00024;8.;0.00022;;;;
231;95;slonina14;5;1.;0.6631;1.;0.5266;1.;0.3532;1.;0.3029;2.;0.4802;2.;0.2128;2.;0.1205;2.;0.105;3.;0.1099;3.;0.086;4.;0.0424;4.;0.0177;4.;0.0138;5.;0.00457;6.;0.00567;6.;0.0019;6.;0.00059;6.;0.00039;8.;0.00032;8.;0.00004;;;;;;;;;;
232;95;slonina14;6;1.;0.6491;1.;0.3567;1.;0.3013;2.;0.4858;2.;0.1183;2.;0.1063;3.;0.2125;3.;0.0859;4.;0.0425;4.;0.0172;4.;0.0139;5.;0.00467;6.;0.00571;6.;0.0016;6.;0.00141;8.;0.00032;8.;0.00012;;;;;;;;;;;;;;;;
233;96;takahashi14;1;-0.011;10.018;3.07;0.8289;6.109;0.496;9.085;0.1857;11.977;0.0403;;;;;;;;;;;;;;;;;;;;;;;;;;;;;;;;;;;;;;;;
234;97;tracy15;1;0.993;0.862;1.993;0.8006;2.487;0.6289;2.996;0.5518;4.986;0.2516;7.47;0.0888;10.003;0.0176;12.478;0.0032;;;;;;;;;;;;;;;;;;;;;;;;;;;;;;;;;;
235;98;wada13;1;0.;10.024;1.198;0.511;2.504;0.1545;3.798;0.0528;4.61;0.0272;5.6;0.00853;;;;;;;;;;;;;;;;;;;;;;;;;;;;;;;;;;;;;;
236;98;wada13;2;0.054;0.998;1.032;0.6122;1.629;0.4405;3.01;0.159;4.202;0.0674;4.984;0.0271;5.97;0.0101;;;;;;;;;;;;;;;;;;;;;;;;;;;;;;;;;;;;
237;99;weber93;1;1.001;0.8656;1.49;0.7642;2.982;0.4821;4.968;0.1942;5.972;0.1302;6.97;0.0565;7.977;0.0321;8.955;0.0235;9.99;0.0105;11.978;0.00359;;;;;;;;;;;;;;;;;;;;;;;;;;;;;;
238;99;weber93;2;0.502;0.8571;0.989;0.819;1.954;0.6233;2.962;0.312;3.952;0.257;4.957;0.1657;5.952;0.0912;6.974;0.0412;7.976;0.0348;9.977;0.011;;;;;;;;;;;;;;;;;;;;;;;;;;;;;;
239;100;wouters15;1;-0.01;10.138;0.478;0.975;0.995;0.8672;1.498;0.7896;2.;0.6916;2.489;0.62;3.243;0.4905;3.997;0.3399;4.737;0.2337;5.505;0.1463;6.497;0.0754;7.489;0.0337;8.494;0.0136;9.5;0.00569;10.492;0.00192;;;;;;;;;;;;;;;;;;;;
240;101;yashkin95;1;1.981;0.8596;3.966;0.5575;5.99;0.2217;7.999;0.134;;;;;;;;;;;;;;;;;;;;;;;;;;;;;;;;;;;;;;;;;;
241;102;fournier12;1;-0.001;1.;0.999;0.616;1.996;0.3617;4.001;0.0846;;;;;;;;;;;;;;;;;;;;;;;;;;;;;;;;;;;;;;;;;;
242;103;antoccia09;1;0.003;0.9968;0.502;0.6444;0.751;0.5231;1.001;0.3383;1.5;0.2504;1.999;0.1467;2.999;0.069;3.997;0.032;;;;;;;;;;;;;;;;;;;;;;;;;;;;;;;;;;
243;104;baggio02;1;-0.001;10.002;0.496;0.9285;0.999;0.5598;1.497;0.5121;1.994;0.2602;2.995;0.1312;3.995;0.0257;4.996;0.0108;;;;;;;;;;;;;;;;;;;;;;;;;;;;;;;;;;
244;104;baggio02;2;-0.003;10.058;0.498;0.5563;0.999;0.2697;1.5;0.0972;2.001;0.0715;2.998;0.027;4.;0.00707;4.996;0.00051;;;;;;;;;;;;;;;;;;;;;;;;;;;;;;;;;;
245;105;bird80;1;2.;0.9161;2.018;0.7348;3.972;0.6541;3.971;0.6058;5.963;0.3746;5.983;0.3338;7.976;0.225;7.995;0.193;10.982;0.0853;11.973;0.0466;13.979;0.0159;15.986;0.00585;15.963;0.00512;17.95;0.00208;;;;;;;;;;;;;;;;;;;;;;
246;105;bird80;2;1.994;0.5782;1.993;0.5511;2.989;0.417;2.987;0.3682;3.979;0.207;3.973;0.1306;5.984;0.0648;6.004;0.0566;7.982;0.0123;7.916;0.0096;9.965;0.0036;9.94;0.0025;11.967;0.00085;;;;;;;;;;;;;;;;;;;;;;;;
247;106;doria12;1;0.995;0.7738;1.996;0.7113;2.998;0.5995;3.999;0.366;4.995;0.2224;6.001;0.1642;;;;;;;;;;;;;;;;;;;;;;;;;;;;;;;;;;;;;;
248;107;hei88;1;0.245;0.8786;0.496;0.991;0.504;0.8658;0.991;0.8697;0.998;0.7598;1.972;0.7412;1.971;0.6789;1.979;0.5812;3.963;0.241;3.962;0.2178;3.954;0.1767;5.93;0.0811;7.929;0.0201;9.941;0.00258;;;;;;;;;;;;;;;;;;;;;;
249;108;inada81;1;2.022;0.5836;3.99;0.1792;5.991;0.0376;7.964;0.0051;9.892;0.00106;;;;;;;;;;;;;;;;;;;;;;;;;;;;;;;;;;;;;;;;
250;109;jeynes13;1;-0.008;10.162;1.006;0.9121;1.988;0.7193;2.986;0.4929;4.;0.4621;5.996;0.2125;7.991;0.0779;;;;;;;;;;;;;;;;;;;;;;;;;;;;;;;;;;;;
251;110;ogata05;1;-0.003;1.;0.509;0.8729;1.994;0.648;3.977;0.2078;5.973;0.0868;7.995;0.0332;;;;;;;;;;;;;;;;;;;;;;;;;;;;;;;;;;;;;;
252;110;ogata05;2;-0.003;1.;0.523;0.879;0.985;0.8456;1.987;0.6492;3.988;0.2583;5.99;0.1373;7.953;0.0698;;;;;;;;;;;;;;;;;;;;;;;;;;;;;;;;;;;;
253;111;petrovic06;1;8.017;0.7635;12.042;0.686;16.04;0.5648;20.066;0.545;24.063;0.383;;;;;;;;;;;;;;;;;;;;;;;;;;;;;;;;;;;;;;;;
254;112;ristic11;1;-0.006;1.;7.96;0.76;11.981;0.6775;15.977;0.5587;19.972;0.5383;23.994;0.38;;;;;;;;;;;;;;;;;;;;;;;;;;;;;;;;;;;;;;
255;113;schuff02;1;-0.002;1.;0.497;0.9189;0.996;0.8547;1.495;0.7045;1.987;0.6672;2.486;0.5878;2.984;0.5335;4.98;0.2633;5.979;0.1406;6.992;0.0463;7.989;0.0352;;;;;;;;;;;;;;;;;;;;;;;;;;;;
256;113;schuff02;2;-0.002;1.;0.498;0.9761;0.991;0.8345;1.491;0.8096;1.991;0.7263;2.99;0.5471;3.984;0.3902;4.993;0.1562;5.992;0.1426;6.99;0.0195;8.001;0.0352;;;;;;;;;;;;;;;;;;;;;;;;;;;;
257;113;schuff02;3;N/A;N/A;;;;;;;;;;;;;;;;;;;;;;;;;;;;;;;;;;;;;;;;;;;;;;;;
258;114;williams78;1;5.321;0.088;6.244;0.0403;7.762;0.0098;8.688;0.00355;10.789;0.00242;;;;;;;;;;;;;;;;;;;;;;;;;;;;;;;;;;;;;;;;
259;114;williams78;2;5.25;0.3248;7.84;0.0863;9.571;0.0262;;;;;;;;;;;;;;;;;;;;;;;;;;;;;;;;;;;;;;;;;;;;
260;115;guan15;1;-0.001;10.028;0.996;0.6737;1.999;0.4682;2.996;0.1703;3.999;0.0671;5.002;0.0294;5.999;0.0122;;;;;;;;;;;;;;;;;;;;;;;;;;;;;;;;;;;;
261;115;guan15;2;N/A;N/A;;;;;;;;;;;;;;;;;;;;;;;;;;;;;;;;;;;;;;;;;;;;;;;;
